Metric,Original_Model,FineTuned_Model
rouge1,0.23453987822078487,0.26992527017271806
rouge2,0.08565055057343032,0.0922032232423607
rougeL,0.17866019082429213,0.19839721373869684
rougeLsum,0.21032311326315423,0.23757346005047236
